first_name	last_name	email
first_name	last_name	email
first_name	last_name	email
first_name	last_name	email
first_name	last_name	email
first_name	last_name	email
first_name	last_name	email
first_name	last_name	email
first_name	last_name	email
first_name	last_name	email
first_name	last_name	email
first_name	last_name	email
first_name	last_name	email
first_name	last_name	email
first_name	last_name	email
first_name	last_name	email
first_name	last_name	email
first_name	last_name	email
first_name	last_name	email
first_name	last_name	email
first_name	last_name	email
first_name	last_name	email
first_name	last_name	email
first_name	last_name	email
first_name	last_name	email
first_name	last_name	email
first_name	last_name	email
first_name	last_name	email
first_name	last_name	email
first_name	last_name	email
first_name	last_name	email
first_name	last_name	email
first_name	last_name	email
first_name	last_name	email
first_name	last_name	email
first_name	last_name	email
first_name	last_name	email
first_name	last_name	email
first_name	last_name	email
first_name	last_name	email
first_name	last_name	email
first_name	last_name	email
first_name	last_name	email
first_name	last_name	email
